sample,MLBl,NeutralMass.mean,DBE.mean,DBEO.mean,AI.mean,AImod.mean,O_C.mean,H_C.mean,N_C.mean,P_C.mean,NOSC.mean,GFE.mean,PI.mean,nkm.mean,KD-CH2.mean,KD-CO2.mean,KD-H2.mean,KD-O2.mean,KD-H2O.mean,KD-CHO.mean,Ymet.mean,NeutralMass.se,DBE.se,DBEO.se,AI.se,AImod.se,O_C.se,H_C.se,N_C.se,P_C.se,NOSC.se,GFE.se,PI.se,nkm.se,KD-CH2.se,KD-CO2.se,KD-H2.se,KD-O2.se,KD-H2O.se,KD-CHO.se,Ymet.se
Altamaha_PP48_000107-2_p08,0.18862461220268872,415.02200747003945,9.03867631851086,0.028955532574974147,0.09473028128231645,0.2690348872802482,0.4913804777662875,1.203372273009307,0.009033160289555324,0.017571251292657703,-0.27100367114788,68.02360489141675,0.5004136194415719,411.79255429162356,0.17785633505687692,0.423964436401241,2.9148347218200623,0.45334852533609105,0.14814633298862462,0.3136217435367115,0.11031129281008789,1.3396060666680238,0.059299636292093096,0.06901921901098171,0.0026679669599339005,0.0029678376803107145,0.002468143071359605,0.0047181858726657935,0.0004255161992728451,0.00044330069130674594,0.007904166075176286,0.22526873006698145,0.0024796657631631367,1.3386624995029197,0.003552259697943865,0.0015279477487219453,0.011109983514122873,0.0017042756737041778,0.0025738898782459306,0.0014011396635573918,0.0005418242207940112
