sample,MLBl,NeutralMass.mean,DBE.mean,DBEO.mean,AI.mean,AImod.mean,O_C.mean,H_C.mean,N_C.mean,P_C.mean,NOSC.mean,GFE.mean,PI.mean,nkm.mean,KD-CH2.mean,KD-CO2.mean,KD-H2.mean,KD-O2.mean,KD-H2O.mean,KD-CHO.mean,Ymet.mean,NeutralMass.se,DBE.se,DBEO.se,AI.se,AImod.se,O_C.se,H_C.se,N_C.se,P_C.se,NOSC.se,GFE.se,PI.se,nkm.se,KD-CH2.se,KD-CO2.se,KD-H2.se,KD-O2.se,KD-H2O.se,KD-CHO.se,Ymet.se
Altamaha_PP48_000107-3_p08,0.18102397399431125,414.49694957348845,9.12880942706217,0.308411214953271,0.10019519301097116,0.2739254022754978,0.4794543600162535,1.1978939800893946,0.011259969524583502,0.017438831775700936,-0.2796993132872816,68.27143046119464,0.49071432547744814,411.2878911011784,0.18770176147907355,0.42235810036570504,2.9219945062982533,0.4504285209264527,0.1585662251117432,0.3169485981308411,0.10959012870347651,1.322030934606777,0.058034992269407865,0.0694868002355672,0.002672692176677795,0.0029154070518999796,0.0023894329921547866,0.004495150973736651,0.0004678009577847154,0.00043152968539045294,0.0075419796491488595,0.21494642149371668,0.002405229164937269,1.3216007215564178,0.0038161608694285026,0.0014986971826890078,0.011234036936391568,0.0016870401446460825,0.0027447613706045415,0.0014109584820183971,0.0005301306466303402
