sample,MLBl,NeutralMass.mean,DBE.mean,DBEO.mean,AI.mean,AImod.mean,O_C.mean,H_C.mean,N_C.mean,P_C.mean,NOSC.mean,GFE.mean,PI.mean,nkm.mean,KD-CH2.mean,KD-CO2.mean,KD-H2.mean,KD-O2.mean,KD-H2O.mean,KD-CHO.mean,Ymet.mean,NeutralMass.se,DBE.se,DBEO.se,AI.se,AImod.se,O_C.se,H_C.se,N_C.se,P_C.se,NOSC.se,GFE.se,PI.se,nkm.se,KD-CH2.se,KD-CO2.se,KD-H2.se,KD-O2.se,KD-H2O.se,KD-CHO.se,Ymet.se
Altamaha_SW48_000107-3_p08,0.20214395099540583,409.1137872942368,8.883395318311091,0.20126886895646467,0.10016952308028879,0.267682854955152,0.4773377094727631,1.2182510916648435,0.008538492671187923,0.01910215707722599,-0.3217519208050755,69.46992955589586,0.4858761955808357,406.06344344782326,0.1636964340406913,0.4262125136731569,2.8615565324874206,0.4561871931743601,0.14470817107853864,0.3136519251804856,0.10973646227205797,1.3379452421992555,0.06251507085532386,0.07326799459765664,0.0028255317021972522,0.0030794722246233037,0.0025767505107088017,0.004997551408020837,0.00042092224386800343,0.00046820588825493035,0.008169327212149833,0.23282581598786858,0.0025662880815084384,1.3375240186685764,0.0033758195129218976,0.001552587412398904,0.010871958899900709,0.0017154522832383355,0.0024562243510409237,0.0014120798453742638,0.0005495619777777482
