sample,MLBl,NeutralMass.mean,DBE.mean,DBEO.mean,AI.mean,AImod.mean,O_C.mean,H_C.mean,N_C.mean,P_C.mean,NOSC.mean,GFE.mean,PI.mean,nkm.mean,KD-CH2.mean,KD-CO2.mean,KD-H2.mean,KD-O2.mean,KD-H2O.mean,KD-CHO.mean,Ymet.mean,NeutralMass.se,DBE.se,DBEO.se,AI.se,AImod.se,O_C.se,H_C.se,N_C.se,P_C.se,NOSC.se,GFE.se,PI.se,nkm.se,KD-CH2.se,KD-CO2.se,KD-H2.se,KD-O2.se,KD-H2O.se,KD-CHO.se,Ymet.se
Altamaha_PP48_000107-4_p08,0.1776975531488167,417.74990814650636,9.171279582831929,0.20116325711993582,0.0980069855595668,0.2733469955876454,0.4832899338146811,1.1982492539109506,0.009162372643401525,0.01681170878459687,-0.2755883112715604,68.15426724829523,0.49245229442438837,414.4903730445247,0.18825765342960288,0.42558943040513436,2.9430966686722826,0.45400108102687525,0.15863265744083432,0.3188985379061372,0.10879292470636756,1.324794950937815,0.05862949117218502,0.06857642186580842,0.002635039085654793,0.002877838638110983,0.0023800142762995273,0.004524391735155612,0.00042303140415115203,0.0004269884806311669,0.007560604706136666,0.21547723198975674,0.0023900361768004045,1.32390454089212,0.00378264260189017,0.0014940491673134603,0.011250767313066502,0.0016833354148249229,0.0027196352908507027,0.0013971606834188226,0.0005205407408280531
