sample,MLBl,NeutralMass.mean,DBE.mean,DBEO.mean,AI.mean,AImod.mean,O_C.mean,H_C.mean,N_C.mean,P_C.mean,NOSC.mean,GFE.mean,PI.mean,nkm.mean,KD-CH2.mean,KD-CO2.mean,KD-H2.mean,KD-O2.mean,KD-H2O.mean,KD-CHO.mean,Ymet.mean,NeutralMass.se,DBE.se,DBEO.se,AI.se,AImod.se,O_C.se,H_C.se,N_C.se,P_C.se,NOSC.se,GFE.se,PI.se,nkm.se,KD-CH2.se,KD-CO2.se,KD-H2.se,KD-O2.se,KD-H2O.se,KD-CHO.se,Ymet.se
Altamaha_SW48_000107-2_p08,0.1831858407079646,415.27876740306226,9.05,0.01902654867256637,0.09364321681415928,0.26977016150442484,0.4927514446902655,1.2001032699115044,0.008714320796460177,0.01793813716814159,-0.2673445420353982,67.91931984734514,0.5014657632743363,412.1721238938053,0.17652022345132742,0.4244782079646018,2.9161321637168145,0.454179203539823,0.1459349646017699,0.3130115265486726,0.11017346919713338,1.362640214730846,0.06037884958305625,0.07083068879959097,0.002748941436272926,0.003046892298578916,0.002556935639331968,0.004821004394746398,0.00042615099264694867,0.00046026795468078163,0.008062829401599499,0.22979062744218148,0.002563535800310643,1.3612203020692466,0.0035988753594234225,0.001567047796139381,0.01124873298580747,0.0017438628141264506,0.00261813896187631,0.001437692732782539,0.0005569071463103021
