Sample,MLBl,NeutralMass.mean,DBE.mean,DBEO.mean,AI.mean,AImod.mean,O_C.mean,H_C.mean,N_C.mean,P_C.mean,NOSC.mean,GFE.mean,PI.mean,nkm.mean,KD-CH2.mean,KD-CO2.mean,KD-H2.mean,KD-O2.mean,KD-H2O.mean,KD-CHO.mean,Ymet.mean,NeutralMass.se,DBE.se,DBEO.se,AI.se,AImod.se,O_C.se,H_C.se,N_C.se,P_C.se,NOSC.se,GFE.se,PI.se,nkm.se,KD-CH2.se,KD-CO2.se,KD-H2.se,KD-O2.se,KD-H2O.se,KD-CHO.se,Ymet.se
Altamaha_PP48_000107-3_p08,0.18102397399431125,400.3661952989579,8.66934561178676,-0.31405747763971725,0.0671401152866736,0.2676405012183493,0.5001585856809967,1.2007564430120978,0.0046976419268415365,0.013958666509208002,-0.25099954561619553,67.45348671545761,0.50485622973797,398.5821135364239,0.13708768959691303,0.42098558735469194,2.7873134812710108,0.45290489313296484,0.12059348006762209,0.3011228681634808,0.1111272562316196,0.0016250461235665363,3.5098949818110944e-05,1.2516068397299226e-05,4.6105105845165347e-07,1.284165853914695e-06,2.3268011140166005e-06,5.54187009003108e-06,4.5774957779194655e-08,1.2267404619818394e-07,2.7061429868061366e-06,0.00030421451810762996,2.3233144322954698e-06,0.0016253794159546886,5.388272710680972e-07,1.7871355920824097e-06,1.1225138887100124e-05,1.930673441502309e-06,5.146029754398772e-07,1.2537900568702091e-06,5.238831754251556e-07
