sample,MLBl,NeutralMass.mean,DBE.mean,DBEO.mean,AI.mean,AImod.mean,O_C.mean,H_C.mean,N_C.mean,P_C.mean,NOSC.mean,GFE.mean,PI.mean,nkm.mean,KD-CH2.mean,KD-CO2.mean,KD-H2.mean,KD-O2.mean,KD-H2O.mean,KD-CHO.mean,Ymet.mean,NeutralMass.se,DBE.se,DBEO.se,AI.se,AImod.se,O_C.se,H_C.se,N_C.se,P_C.se,NOSC.se,GFE.se,PI.se,nkm.se,KD-CH2.se,KD-CO2.se,KD-H2.se,KD-O2.se,KD-H2O.se,KD-CHO.se,Ymet.se
Altamaha_SW48_000107-3_p08,0.20214395099540583,397.4167460357419,8.414654452867467,-0.4485712978876227,0.06554987864535206,0.25858587789170545,0.49644263247000325,1.225110750579466,0.003721133931625683,0.014836508589381465,-0.28823243773634627,68.51462392506383,0.5001637676211927,395.667537041258,0.13173472155836935,0.4234178528724867,2.758330361279211,0.4557124502091382,0.11980168777092087,0.3021459788773753,0.11127700949824298,0.001746958335309438,3.604732526942311e-05,1.395765382373265e-05,5.210268356097129e-07,1.3102950799497044e-06,2.3958118641583594e-06,6.548524886535701e-06,5.2782157395267504e-08,1.4845818560091585e-07,4.037805528449849e-06,0.00036069534693437615,2.3930808434830867e-06,0.0017472281303131316,6.276165228870003e-07,2.0385496420692334e-06,1.199227299375856e-05,2.1895948190590464e-06,7.308295322784243e-07,1.4811491185828334e-06,5.541826653614443e-07
