sample,MLBl,NeutralMass.mean,DBE.mean,DBEO.mean,AI.mean,AImod.mean,O_C.mean,H_C.mean,N_C.mean,P_C.mean,NOSC.mean,GFE.mean,PI.mean,nkm.mean,KD-CH2.mean,KD-CO2.mean,KD-H2.mean,KD-O2.mean,KD-H2O.mean,KD-CHO.mean,Ymet.mean,NeutralMass.se,DBE.se,DBEO.se,AI.se,AImod.se,O_C.se,H_C.se,N_C.se,P_C.se,NOSC.se,GFE.se,PI.se,nkm.se,KD-CH2.se,KD-CO2.se,KD-H2.se,KD-O2.se,KD-H2O.se,KD-CHO.se,Ymet.se
Altamaha_SW48_000107-4_p08,0.20200984413453651,403.030073995101,8.550281054249947,-0.8002999674121521,0.05702296201872316,0.2594890800317072,0.5243027924139145,1.202381301942471,0.003369288211408165,0.013673355240327423,-0.20606249681055078,66.17278091332375,0.5276720809288005,401.2496784021389,0.13812296402355084,0.4208072619013247,2.8037967274165574,0.4537267936120053,0.11107336279757551,0.29718862396130197,0.11323404018934913,0.0016440517764336107,3.5742556683155896e-05,1.2189946960531365e-05,4.0202246484853494e-07,1.293232740301476e-06,2.405466203391631e-06,5.46710148535198e-06,3.987357319936292e-08,1.039620519969315e-07,2.7383170861684143e-06,0.000295803330451034,2.4023223759162243e-06,0.0016444197361860152,5.692191423817577e-07,1.8048708781278314e-06,1.1374957986643644e-05,1.948262282555265e-06,5.428886227169908e-07,1.2729312175983955e-06,5.276167153232349e-07
