sample,MLBl,NeutralMass.mean,DBE.mean,DBEO.mean,AI.mean,AImod.mean,O_C.mean,H_C.mean,N_C.mean,P_C.mean,NOSC.mean,GFE.mean,PI.mean,nkm.mean,KD-CH2.mean,KD-CO2.mean,KD-H2.mean,KD-O2.mean,KD-H2O.mean,KD-CHO.mean,Ymet.mean,NeutralMass.se,DBE.se,DBEO.se,AI.se,AImod.se,O_C.se,H_C.se,N_C.se,P_C.se,NOSC.se,GFE.se,PI.se,nkm.se,KD-CH2.se,KD-CO2.se,KD-H2.se,KD-O2.se,KD-H2O.se,KD-CHO.se,Ymet.se
Altamaha_PP48_000107-3_p08,0.18106076000812843,400.3711393958689,8.669600390823053,-0.3136475434460074,0.06715036235219957,0.2676813490742352,0.5000653409919017,1.2007870828824276,0.004664443207312637,0.013943839068475062,-0.25127526653150023,67.46134474165184,0.504729786329671,398.58678104287657,0.13707519865146384,0.42100751389862423,2.7873319154998133,0.4529268180447225,0.1206082559444554,0.3011448003972884,0.11109488949276153,0.001625616387126272,3.511115825151667e-05,1.2520266504725713e-05,4.6120680345515663e-07,1.2845753104637693e-06,2.327588215457427e-06,5.543811248723772e-06,4.529852394775728e-08,1.226841341250551e-07,2.706471279588648e-06,0.0003043141627469905,2.3240507652228945e-06,0.0016259500328840016,5.39017847864507e-07,1.7877500242315515e-06,1.1229086994942053e-05,1.9313390422939255e-06,5.147686288583707e-07,1.2542135168943805e-06,5.240414215811987e-07
