sample,MLBl,NeutralMass.mean,DBE.mean,DBEO.mean,AI.mean,AImod.mean,O_C.mean,H_C.mean,N_C.mean,P_C.mean,NOSC.mean,GFE.mean,PI.mean,nkm.mean,KD-CH2.mean,KD-CO2.mean,KD-H2.mean,KD-O2.mean,KD-H2O.mean,KD-CHO.mean,Ymet.mean,NeutralMass.se,DBE.se,DBEO.se,AI.se,AImod.se,O_C.se,H_C.se,N_C.se,P_C.se,NOSC.se,GFE.se,PI.se,nkm.se,KD-CH2.se,KD-CO2.se,KD-H2.se,KD-O2.se,KD-H2O.se,KD-CHO.se,Ymet.se
Altamaha_SW48_000107-4_p08,0.20176157312576812,403.01858368235935,8.549332641659774,-0.8021234594966622,0.05700362875340937,0.25940110194265875,0.5245013802003263,1.2023803977678091,0.0033802663035012474,0.013695892218086245,-0.20573407400953414,66.16342085279605,0.5278816468072025,401.2387860964644,0.13815430998606051,0.4207551736144398,2.8037566463388726,0.4536744027317838,0.11104751641919988,0.29713767157206555,0.11327589837149893,0.0016417715663751328,3.569373440856372e-05,1.2171660670450393e-05,4.0143500330021066e-07,1.2914808501414738e-06,2.4018160188049912e-06,5.459288790209047e-06,3.988110369744075e-08,1.0380941797562912e-07,2.734386832423504e-06,0.00029539558861631915,2.3986704677788617e-06,0.001642135447439572,5.683837035308169e-07,1.8023973599843676e-06,1.1359144428324346e-05,1.945585363109756e-06,5.421380725076879e-07,1.2712107940755623e-06,5.268162507763593e-07
