Sample,MLBl,IDEG,CRAM_ratio,IOS_ratio,NeutralMass.mean,DBE.mean,DBEO.mean,AI.mean,AImod.mean,O_C.mean,H_C.mean,N_C.mean,P_C.mean,N_P.mean,P_N.mean,NOSC.mean,GFE.mean,PI.mean,nkm.mean,KD-CH2.mean,KD-CO2.mean,KD-H2.mean,KD-O2.mean,KD-H2O.mean,KD-CHO.mean,Ymet.mean,NeutralMass.se,DBE.se,DBEO.se,AI.se,AImod.se,O_C.se,H_C.se,N_C.se,P_C.se,N_P.se,P_N.se,NOSC.se,GFE.se,PI.se,nkm.se,KD-CH2.se,KD-CO2.se,KD-H2.se,KD-O2.se,KD-H2O.se,KD-CHO.se,Ymet.se
Altamaha_SW48_000107-4_p08,0.11565721649484537,0.6680956189447912,0.5260953608247423,0.06507731958762887,405.42836634307594,9.146805560440672,-0.6581266410206665,0.05757715164906423,0.2950828161652962,0.537404615866649,1.1398624862868347,0.007001651502335317,0.0,inf,0.0,-0.03670598440215529,61.34612095957221,0.5444062503418453,405.33868961535234,0.14354973302814167,0.4217286444149284,2.8358152056719788,0.4544724000753794,0.1131137614548403,0.2987870186395952,0.11567262224158051,0.0033368362254808798,7.331071245262823e-05,2.1614329769053983e-05,6.90390204099226e-07,2.6539088922608842e-06,4.944549202769896e-06,1.0786371452285917e-05,8.423110982847477e-08,0.0,,0.0,4.612589411002943e-06,0.000579710264414525,4.932407645595393e-06,0.0033358085128649285,1.1451516981503435e-06,3.659402479254479e-06,2.3075787958973963e-05,3.952064239025301e-06,1.083624799952557e-06,2.5732994767304497e-06,1.0843661582112043e-06
