Sample,MLBl,IDEG,CRAM_ratio,IOS_ratio,NeutralMass.mean,DBE.mean,DBEO.mean,AI.mean,AImod.mean,O_C.mean,H_C.mean,N_C.mean,P_C.mean,N_P.mean,P_N.mean,NOSC.mean,GFE.mean,PI.mean,nkm.mean,KD-CH2.mean,KD-CO2.mean,KD-H2.mean,KD-O2.mean,KD-H2O.mean,KD-CHO.mean,Ymet.mean,NeutralMass.se,DBE.se,DBEO.se,AI.se,AImod.se,O_C.se,H_C.se,N_C.se,P_C.se,N_P.se,P_N.se,NOSC.se,GFE.se,PI.se,nkm.se,KD-CH2.se,KD-CO2.se,KD-H2.se,KD-O2.se,KD-H2O.se,KD-CHO.se,Ymet.se
Altamaha_PP48_000107-3_p08,0.10317709971689211,0.6514981004089127,0.5577225542623466,0.07077697389116074,401.2268155736114,9.127169407326583,-0.376451709035257,0.06341369350464798,0.2979032146072801,0.521973724341269,1.143270341996741,0.009186019590583058,0.0,inf,0.0,-0.06578948842275682,62.175000571802954,0.5311597386791231,401.1410492001155,0.14179654549973558,0.41920493187797525,2.808998934518858,0.4509603290425628,0.12029353414764278,0.3001230031803779,0.11484195709546541,0.0032283182353768478,7.115193024259583e-05,1.9919011069496374e-05,7.187222624630566e-07,2.6266422395175287e-06,4.73241228091255e-06,1.0489542438839459e-05,9.408702123369579e-08,0.0,,0.0,3.768725610654468e-06,0.0005687657901720963,4.719342253471022e-06,0.0032272748930342993,1.0533816864908063e-06,3.53282465283808e-06,2.23006123362221e-05,3.819189827438401e-06,9.823869508470696e-07,2.467030064503054e-06,1.0617531517215892e-06
