Sample,MLBl,IDEG,NeutralMass.mean,DBE.mean,DBEO.mean,AI.mean,AImod.mean,O_C.mean,H_C.mean,N_C.mean,P_C.mean,N_P.mean,P_N.mean,NOSC.mean,GFE.mean,PI.mean,nkm.mean,KD-CH2.mean,KD-CO2.mean,KD-H2.mean,KD-O2.mean,KD-H2O.mean,KD-CHO.mean,Ymet.mean,NeutralMass.se,DBE.se,DBEO.se,AI.se,AImod.se,O_C.se,H_C.se,N_C.se,P_C.se,N_P.se,P_N.se,NOSC.se,GFE.se,PI.se,nkm.se,KD-CH2.se,KD-CO2.se,KD-H2.se,KD-O2.se,KD-H2O.se,KD-CHO.se,Ymet.se
Altamaha_SW48_000107-3_p08,0.11783644558918223,0.6533640250462442,399.9463753390562,9.164185837831905,-0.05808423057905196,0.07727379984094757,0.29782684831996586,0.5057245386637653,1.1531918439316118,0.010090577488393166,0.0,inf,0.0,-0.10172324773340587,63.199113407026964,0.5158151602400866,399.86502030423657,0.14641955938179962,0.42444870420935465,2.800266712794711,0.4557025081924063,0.129783327541928,0.3070852737020696,0.11353723495541765,0.0031846789766824886,6.757069506440926e-05,2.4346956354196536e-05,8.097918472892844e-07,2.449511006561381e-06,4.515046143885143e-06,1.116870706948387e-05,1.4078326633221364e-07,0.0,,0.0,5.519680285108812e-06,0.0006068368782900307,4.498521428206348e-06,0.0031835691042005824,1.14993515752326e-06,3.695598884667886e-06,2.18427799533424e-05,3.975186727671395e-06,1.3007386379347815e-06,2.6652324720328365e-06,1.0288580343678493e-06
