Sample,MLBl,IDEG,CRAM_ratio,IOS_ratio,NeutralMass.mean,DBE.mean,DBEO.mean,AI.mean,AImod.mean,O_C.mean,H_C.mean,N_C.mean,P_C.mean,N_P.mean,P_N.mean,NOSC.mean,GFE.mean,PI.mean,nkm.mean,KD-CH2.mean,KD-CO2.mean,KD-H2.mean,KD-O2.mean,KD-H2O.mean,KD-CHO.mean,Ymet.mean,NeutralMass.se,DBE.se,DBEO.se,AI.se,AImod.se,O_C.se,H_C.se,N_C.se,P_C.se,N_P.se,P_N.se,NOSC.se,GFE.se,PI.se,nkm.se,KD-CH2.se,KD-CO2.se,KD-H2.se,KD-O2.se,KD-H2O.se,KD-CHO.se,Ymet.se
Altamaha_PP48_000107-4_p08,0.1046831955922865,0.701133834528324,0.5567799204162841,0.06795224977043159,408.9664853191616,9.279571093949366,-0.49731809641615465,0.059298066660501865,0.29711771386811386,0.5280627321182785,1.1399752740379852,0.00731310244300802,0.0,inf,0.0,-0.05593981984371478,61.894285135086236,0.5353758426681887,408.8793998198555,0.14588404034012364,0.42506339192249554,2.8638714399932943,0.4574894150788297,0.11970067739861916,0.3034113126231768,0.11310766623240222,0.003313397324344558,7.297441949179605e-05,2.0243514378099e-05,6.510962711759119e-07,2.6062083020868933e-06,4.835315931845503e-06,1.039454942706354e-05,7.625930152596874e-08,0.0,,0.0,3.56771900734841e-06,0.0005596076986175697,4.824679226573236e-06,0.003312365535625939,1.0865089235431393e-06,3.5843695674661207e-06,2.2931604792123894e-05,3.877701203277657e-06,9.594607188246362e-07,2.4917258575640844e-06,1.0485292861005322e-06
