Sample,MLBl,IDEG,NeutralMass.mean,DBE.mean,DBEO.mean,AI.mean,AImod.mean,O_C.mean,H_C.mean,N_C.mean,P_C.mean,N_P.mean,P_N.mean,NOSC.mean,GFE.mean,PI.mean,nkm.mean,KD-CH2.mean,KD-CO2.mean,KD-H2.mean,KD-O2.mean,KD-H2O.mean,KD-CHO.mean,Ymet.mean,NeutralMass.se,DBE.se,DBEO.se,AI.se,AImod.se,O_C.se,H_C.se,N_C.se,P_C.se,N_P.se,P_N.se,NOSC.se,GFE.se,PI.se,nkm.se,KD-CH2.se,KD-CO2.se,KD-H2.se,KD-O2.se,KD-H2O.se,KD-CHO.se,Ymet.se
Altamaha_SW48_000107-4_p08,0.11699846860643186,0.6680956189447912,403.62489953271256,9.29257587573529,-0.2438804347919642,0.0719537267835535,0.3027483913195185,0.5247453684600947,1.1329070165831818,0.010103284357915633,0.0,inf,0.0,-0.043616239084759735,61.54306332109967,0.5348486733890039,403.547568623663,0.1520693562230785,0.4211187958087784,2.832287220255129,0.45277966748107,0.12278457587126104,0.30227122979904786,0.11509946267400199,0.0031014379283641814,6.803734003542721e-05,2.1978119521876017e-05,7.037060794377066e-07,2.4599163761563297e-06,4.610551613943675e-06,1.0016682189479967e-05,1.1513006554990895e-07,0.0,,0.0,4.2765739971826155e-06,0.0005375819158305945,4.593252241820634e-06,0.0031004674035090443,1.1212261915747519e-06,3.3980543245545216e-06,2.1440898356692836e-05,3.6715119741501874e-06,1.0355000233419013e-06,2.386380211764542e-06,1.0062605578549588e-06
