Sample,MLBl,IDEG,NeutralMass.mean,DBE.mean,DBEO.mean,AI.mean,AImod.mean,O_C.mean,H_C.mean,N_C.mean,P_C.mean,N_P.mean,P_N.mean,NOSC.mean,GFE.mean,PI.mean,nkm.mean,KD-CH2.mean,KD-CO2.mean,KD-H2.mean,KD-O2.mean,KD-H2O.mean,KD-CHO.mean,Ymet.mean,NeutralMass.se,DBE.se,DBEO.se,AI.se,AImod.se,O_C.se,H_C.se,N_C.se,P_C.se,N_P.se,P_N.se,NOSC.se,GFE.se,PI.se,nkm.se,KD-CH2.se,KD-CO2.se,KD-H2.se,KD-O2.se,KD-H2O.se,KD-CHO.se,Ymet.se
Altamaha_PP48_000107-4_p08,0.12303906490310673,0.701133834528324,397.2490275662235,9.532624097995154,0.6316771462127092,0.09216728688922335,0.31134988264399965,0.500446706445764,1.1289341548514882,0.011814712768034438,0.0,inf,0.0,-0.08104016751612997,62.60964483749575,0.5122614754169208,397.20029396571135,0.16939636727957627,0.4060788399613977,2.8092324179888966,0.4341984595571774,0.14175910600619765,0.30076558804532977,0.11411171307594951,0.003476917040058789,7.622705281904452e-05,2.585589310319608e-05,7.825330578487364e-07,2.7339587698122773e-06,5.1416266806383616e-06,1.097859793403294e-05,1.0673625024877013e-07,0.0,,0.0,3.735764082837029e-06,0.0005886714342281354,5.124422291835909e-06,0.003475800556637795,1.2424801482365352e-06,3.7736122162015833e-06,2.404454229206454e-05,4.0868258936114005e-06,1.0522269640373531e-06,2.611891871040327e-06,1.1078650169783222e-06
