Sample,MLBl,IDEG,NeutralMass.mean,DBE.mean,DBEO.mean,AI.mean,AImod.mean,O_C.mean,H_C.mean,N_C.mean,P_C.mean,N_P.mean,P_N.mean,NOSC.mean,GFE.mean,PI.mean,nkm.mean,KD-CH2.mean,KD-CO2.mean,KD-H2.mean,KD-O2.mean,KD-H2O.mean,KD-CHO.mean,Ymet.mean,NeutralMass.se,DBE.se,DBEO.se,AI.se,AImod.se,O_C.se,H_C.se,N_C.se,P_C.se,N_P.se,P_N.se,NOSC.se,GFE.se,PI.se,nkm.se,KD-CH2.se,KD-CO2.se,KD-H2.se,KD-O2.se,KD-H2O.se,KD-CHO.se,Ymet.se
Altamaha_PP48_000107-3_p08,0.14800759013282733,0.6218166185072103,391.12235227967074,9.671053402456451,1.7332909808217747,0.1201956922823627,0.3145253502725114,0.45918433808346815,1.1380478637792004,0.01520417975581367,0.0,inf,0.0,-0.1480074419999822,64.51821243755225,0.47438860816695805,391.14654042606406,0.22226333514356858,0.3888715875280314,2.8217684982034132,0.41012613110477886,0.18900992860178234,0.3092553726591002,0.11370693048379793,0.0033945510591098806,7.49202642020752e-05,3.224713306390637e-05,9.879690670947322e-07,2.786690379529424e-06,5.05894527496551e-06,1.1317932863667898e-05,1.3773613637549571e-07,0.0,,0.0,4.17429267664934e-06,0.0006121956284627089,5.0424870216791974e-06,0.0033936867738324702,2.0326843416909014e-06,3.735859935605337e-06,2.3667194940576484e-05,4.036938425228924e-06,1.6106895967177387e-06,2.666413458436329e-06,1.1441901101287152e-06
