Sample,MLBl,IDEG,CRAM_ratio,IOS_ratio,NeutralMass.mean,DBE.mean,DBEO.mean,AI.mean,AImod.mean,O_C.mean,H_C.mean,N_C.mean,P_C.mean,N_P.mean,P_N.mean,NOSC.mean,GFE.mean,PI.mean,nkm.mean,KD-CH2.mean,KD-CO2.mean,KD-H2.mean,KD-O2.mean,KD-H2O.mean,KD-CHO.mean,Ymet.mean,NeutralMass.se,DBE.se,DBEO.se,AI.se,AImod.se,O_C.se,H_C.se,N_C.se,P_C.se,N_P.se,P_N.se,NOSC.se,GFE.se,PI.se,nkm.se,KD-CH2.se,KD-CO2.se,KD-H2.se,KD-O2.se,KD-H2O.se,KD-CHO.se,Ymet.se
Altamaha_SW48_000107-2_p08,0.10468696544645911,0.6807351533466353,0.5501197399931577,0.06979131029763941,410.1672521949051,9.24252050376619,-0.7257641078599237,0.05461587275650688,0.293529054826621,0.5409988595972266,1.1381519736479526,0.0067312801214659355,0.0,inf,0.0,-0.030326093424536543,61.16429403105282,0.5477301268579065,410.07843305175743,0.14679895274326388,0.4248860291859977,2.8721237867784133,0.4578870199865015,0.11385391644649266,0.30099404283848036,0.1144594041776626,0.0035528397353309146,7.81914320918876e-05,2.3659741233633075e-05,6.927465691980728e-07,2.786687133445768e-06,5.330387484827618e-06,1.1110998057149445e-05,8.398024656361365e-08,0.0,,0.0,4.226903756810309e-06,0.0005912593569350773,5.316895109418707e-06,0.003551773620562248,1.247541642565187e-06,3.810728973523766e-06,2.4634048302950278e-05,4.124327752977345e-06,1.0497013192758912e-06,2.6458587372545597e-06,1.1441176358555335e-06
