Sample,MLBl,IDEG,NeutralMass.mean,DBE.mean,DBEO.mean,AI.mean,AImod.mean,O_C.mean,H_C.mean,N_C.mean,P_C.mean,N_P.mean,P_N.mean,NOSC.mean,GFE.mean,PI.mean,nkm.mean,KD-CH2.mean,KD-CO2.mean,KD-H2.mean,KD-O2.mean,KD-H2O.mean,KD-CHO.mean,Ymet.mean,NeutralMass.se,DBE.se,DBEO.se,AI.se,AImod.se,O_C.se,H_C.se,N_C.se,P_C.se,N_P.se,P_N.se,NOSC.se,GFE.se,PI.se,nkm.se,KD-CH2.se,KD-CO2.se,KD-H2.se,KD-O2.se,KD-H2O.se,KD-CHO.se,Ymet.se
Altamaha_SW48_000107-2_p08,0.13015873015873017,0.6807351533466353,396.10684066848467,9.438264594479822,0.4283255100582021,0.08894781810528361,0.3079117480465544,0.5113408519065616,1.1286526404803308,0.011164664196068754,0.0,inf,0.0,-0.060911132259171816,62.03596756239653,0.522505555045455,396.06042738608573,0.1727281289814389,0.40334303630402024,2.8042170671460216,0.4314273244750063,0.1388318557740674,0.2979784499943656,0.11583850464580504,0.0038853507901738765,8.49024166490904e-05,3.157814653041193e-05,8.884659576052351e-07,3.041942870144681e-06,5.928961827039066e-06,1.2264246000048262e-05,1.2980942627967962e-07,0.0,,0.0,4.618077051270327e-06,0.0006490306232725726,5.906078312971775e-06,0.0038841221485047123,1.4841709332999215e-06,4.190109177064565e-06,2.6898702920580113e-05,4.54192056544245e-06,1.2077620666154871e-06,2.8906652056254805e-06,1.2629642728577356e-06
