Sample,MLBl,IDEG,CRAM_ratio,IOS_ratio,NeutralMass.mean,DBE.mean,DBEO.mean,AI.mean,AImod.mean,O_C.mean,H_C.mean,N_C.mean,P_C.mean,N_P.mean,P_N.mean,NOSC.mean,GFE.mean,PI.mean,nkm.mean,KD-CH2.mean,KD-CO2.mean,KD-H2.mean,KD-O2.mean,KD-H2O.mean,KD-CHO.mean,Ymet.mean,NeutralMass.se,DBE.se,DBEO.se,AI.se,AImod.se,O_C.se,H_C.se,N_C.se,P_C.se,N_P.se,P_N.se,NOSC.se,GFE.se,PI.se,nkm.se,KD-CH2.se,KD-CO2.se,KD-H2.se,KD-O2.se,KD-H2O.se,KD-CHO.se,Ymet.se
Altamaha_PP48_000107-2_p08,0.10824578159821713,0.6651314848366846,0.5466411970709965,0.06717605858007004,408.4469801558211,9.261001756308453,-0.6378433262882308,0.05789566782228134,0.29621151849848726,0.5385325280436803,1.1354774003001196,0.006666924254353259,0.0,inf,0.0,-0.03323710409839418,61.24725772877413,0.5451994494616397,408.35891231786326,0.14614350636672968,0.42248726987820096,2.8604649877220956,0.4552119631617305,0.11415455191948921,0.299664866666545,0.11476053237719824,0.0033168951426605477,7.324700445759145e-05,2.17526096998095e-05,6.695692370132684e-07,2.6359827257158497e-06,4.9816998487381735e-06,1.0369048000866799e-05,7.390390582107906e-08,0.0,,0.0,3.7939836750910092e-06,0.000552822511061935,4.969924881487936e-06,0.003315898320902881,1.1353509856537827e-06,3.551921725123359e-06,2.2997727115354096e-05,3.845139710816851e-06,9.467545755146436e-07,2.4608987218353866e-06,1.0754715627962661e-06
