Sample,MLBl,IDEG,CRAM_ratio,IOS_ratio,NeutralMass.mean,DBE.mean,DBEO.mean,AI.mean,AImod.mean,O_C.mean,H_C.mean,N_C.mean,P_C.mean,N_P.mean,P_N.mean,NOSC.mean,GFE.mean,PI.mean,TheoMass.mean,KMD-CH2.mean,KMD-CO2.mean,KMD-H2.mean,KMD-O2.mean,KMD-OH.mean,KMD-CHO.mean,KMD-H2O.mean,KMD-OCH2.mean,KMD-C6H4O.mean,Ymet.mean,NeutralMass.se,DBE.se,DBEO.se,AI.se,AImod.se,O_C.se,H_C.se,N_C.se,P_C.se,N_P.se,P_N.se,NOSC.se,GFE.se,PI.se,TheoMass.se,KMD-CH2.se,KMD-CO2.se,KMD-H2.se,KMD-O2.se,KMD-OH.se,KMD-CHO.se,KMD-H2O.se,KMD-OCH2.se,KMD-C6H4O.se,Ymet.se
Altamaha_PP48_000107-4_p08,0.1046831955922865,0.701133834528324,0.5567799204162841,0.06795224977043159,408.9664853191616,9.279571093949366,-0.49731809641615465,0.059298066660501865,0.29711771386811386,0.5280627321182785,1.1399752740379852,0.00731310244300802,0.0,inf,0.0,-0.05593981984371478,61.894285135086236,0.5353758426681887,407.95875721672843,0.3457369945410109,-0.2041093017895498,3.0576982547337064,-0.23948900971544987,-0.0440506418529518,-0.07125197101919956,0.12940207791968408,0.033757554303043696,0.006441720496160935,0.11310766623240222,0.003313397324344558,7.297441949179605e-05,2.0243514378099e-05,6.510962711759119e-07,2.6062083020868933e-06,4.835315931845503e-06,1.039454942706354e-05,7.625930152596874e-08,0.0,,0.0,3.56771900734841e-06,0.0005596076986175697,4.824679226573236e-06,0.003304749366392112,2.804550438650397e-06,1.7114791315072248e-06,2.4752603892804218e-05,1.9925434851294424e-06,5.216115947712431e-07,6.974888896225589e-07,1.0902909415941121e-06,4.4150595467115966e-07,3.626363875548538e-07,1.0485292861005322e-06
