Sample,MLBl,IDEG,CRAM_ratio,IOS_ratio,NeutralMass.mean,DBE.mean,DBEO.mean,AI.mean,AImod.mean,O_C.mean,H_C.mean,N_C.mean,P_C.mean,N_P.mean,P_N.mean,NOSC.mean,GFE.mean,PI.mean,nkm.mean,KD-CH2.mean,KD-CO2.mean,KD-H2.mean,KD-O2.mean,KD-H2O.mean,KD-CHO.mean,Ymet.mean,NeutralMass.se,DBE.se,DBEO.se,AI.se,AImod.se,O_C.se,H_C.se,N_C.se,P_C.se,N_P.se,P_N.se,NOSC.se,GFE.se,PI.se,nkm.se,KD-CH2.se,KD-CO2.se,KD-H2.se,KD-O2.se,KD-H2O.se,KD-CHO.se,Ymet.se
Altamaha_SW48_000107-3_p08,0.12544420753375976,0.6533640250462442,0.5493958777540867,0.07142857142857142,399.23509658988473,8.857868039341868,-0.6126624246417257,0.058018004844879886,0.2862007300784234,0.5211199037044257,1.1660598957571615,0.007210853372674828,0.0,inf,0.0,-0.09428605878000781,62.987153371310775,0.5283307548013809,399.13963069263866,0.13507079078778295,0.42404185138938266,2.7841654603786483,0.45647254712062657,0.1183150511634408,0.30225906823879867,0.11489665592433385,0.003648950002995749,7.731823593939987e-05,2.378545616317999e-05,7.871121763140388e-07,2.804908579539301e-06,5.144895945478787e-06,1.279713761821624e-05,1.0365386924997712e-07,0.0,,0.0,6.364379105266003e-06,0.0006966814200590526,5.131207035870288e-06,0.003647698027196128,1.2280416848250374e-06,4.23523298697347e-06,2.5035359449084077e-05,4.5528790090718805e-06,1.4591042638378296e-06,3.0600806272871123e-06,1.1781421033137073e-06
