Sample,MLBl,IDEG,NeutralMass.mean,DBE.mean,DBEO.mean,AI.mean,AImod.mean,O_C.mean,H_C.mean,N_C.mean,P_C.mean,N_P.mean,P_N.mean,NOSC.mean,GFE.mean,PI.mean,nkm.mean,KD-CH2.mean,KD-CO2.mean,KD-H2.mean,KD-O2.mean,KD-H2O.mean,KD-CHO.mean,Ymet.mean,NeutralMass.se,DBE.se,DBEO.se,AI.se,AImod.se,O_C.se,H_C.se,N_C.se,P_C.se,N_P.se,P_N.se,NOSC.se,GFE.se,PI.se,nkm.se,KD-CH2.se,KD-CO2.se,KD-H2.se,KD-O2.se,KD-H2O.se,KD-CHO.se,Ymet.se
Altamaha_PP48_000107-2_p08,0.10395010395010396,0.6651314848366846,407.46265936919133,9.462002770401448,-0.17802426382765962,0.07404198219556211,0.3055669663178577,0.5252379996567171,1.1258974658044787,0.009504316292614513,0.0,inf,0.0,-0.039640776395567956,61.429762727334705,0.5347423442761924,407.38745016401225,0.15544830445621868,0.4222547715329988,2.8631895429961927,0.4538948044055572,0.12421788408204124,0.30352911602579513,0.11395147163292237,0.003012581321476201,6.642460782544753e-05,2.171852132492835e-05,6.765626535262754e-07,2.3869263383191667e-06,4.539564228403005e-06,9.413693164109854e-06,9.439099066809266e-08,0.0,,0.0,3.435007879912887e-06,0.0005009834516194715,4.523787411058019e-06,0.003011662767608414,1.0888053101401217e-06,3.22349292386417e-06,2.0882161577431608e-05,3.4912527987595353e-06,8.926750494818442e-07,2.230388322412922e-06,9.755729470965658e-07
